WORD_ID,Vocab_Word
0,http
1,use
2,list
3,email
4,get
5,mail
6,one
7,free
8,time
9,work
10,messag
11,make
12,like
13,would
14,peopl
15,new
16,inform
17,receiv
18,pleas
19,click
20,busi
21,address
22,want
23,us
24,need
25,order
26,remov
27,also
28,go
29,year
30,send
31,money
32,file
33,compani
34,system
35,report
36,way
37,wrote
38,name
39,user
40,look
41,site
42,chang
43,day
44,know
45,state
46,program
47,may
48,see
49,call
50,could
51,group
52,even
53,think
54,includ
55,linux
56,first
57,offer
58,take
59,say
60,servic
61,right
62,tri
63,world
64,help
65,find
66,internet
67,market
68,product
69,mani
70,much
71,home
72,said
73,softwar
74,web
75,problem
76,date
77,line
78,spam
79,link
80,start
81,check
82,number
83,run
84,good
85,thing
86,well
87,subject
88,interest
89,phone
90,govern
91,person
92,provid
93,set
94,today
95,come
96,ad
97,million
98,give
99,server
100,follow
101,back
102,best
103,month
104,form
105,rate
106,everi
107,secur
108,gener
109,url
110,price
111,still
112,comput
113,packag
114,instal
115,code
116,avail
117,sent
118,life
119,version
120,commun
121,read
122,sinc
123,grant
124,maintain
125,sponsor
126,thank
127,network
128,two
129,differ
130,credit
131,without
132,made
133,develop
134,support
135,within
136,week
137,page
138,write
139,save
140,subscript
141,realli
142,case
143,irish
144,someth
145,current
146,un
147,anyon
148,last
149,onlin
150,complet
151,sure
152,build
153,card
154,seem
155,requir
156,manag
157,custom
158,de
159,ilug
160,never
161,better
162,window
163,keep
164,special
165,point
166,ca
167,place
168,search
169,per
170,anoth
171,found
172,actual
173,access
174,result
175,repli
176,contact
177,question
178,part
179,base
180,old
181,listmast
182,futur
183,put
184,issu
185,wish
186,long
187,next
188,let
189,live
190,hour
191,countri
192,end
193,invest
194,easi
195,must
196,mean
197,unsubscrib
198,process
199,unit
200,lot
201,great
202,got
203,show
204,technolog
205,account
206,nation
207,guarante
208,might
209,power
210,releas
211,legal
212,data
213,cost
214,allow
215,success
216,sourc
217,news
218,engin
219,possibl
220,visit
221,profession
222,trade
223,idea
224,post
225,increas
226,pay
227,ask
228,public
229,advertis
230,open
231,error
232,websit
233,opportun
234,test
235,real
236,sell
237,ever
238,less
239,respons
240,insur
241,plan
242,design
243,tell
244,creat
245,word
246,buy
247,reason
248,howev
249,prefer
250,heaven
251,effect
252,someon
253,aug
254,color
255,cd
256,sale
257,law
258,improv
259,applic
260,around
261,instead
262,fact
263,least
264,box
265,dollar
266,ye
267,fix
268,american
269,rpm
270,job
271,copi
272,simpl
273,probabl
274,origin
275,believ
276,cours
277,contain
278,move
279,fax
280,type
281,happen
282,though
283,friend
284,littl
285,els
286,financi
287,total
288,welcom
289,valu
290,share
291,request
292,exampl
293,add
294,return
295,abl
296,client
297,perl
298,format
299,anyth
300,simpli
301,alway
302,alreadi
303,high
304,protect
305,full
306,fill
307,cash
308,feel
309,mailto
310,directori
311,regard
312,purchas
313,licens
314,bit
315,stop
316,signatur
317,import
318,experi
319,intern
320,polici
321,answer
322,exist
323,past
324,note
325,famili
326,updat
327,learn
328,top
329,info
330,sep
331,geek
332,becom
333,act
334,lead
335,small
336,drive
337,age
338,second
339,ship
340,instruct
341,suppli
342,control
343,member
344,databas
345,thousand
346,low
347,recent
348,incom
349,select
350,featur
351,stuff
352,minut
353,appli
354,industri
355,sever
356,turn
357,done
358,yet
359,folder
360,citi
361,continu
362,limit
363,understand
364,tool
365,detail
366,guid
367,c
368,noth
369,e
370,exmh
371,notic
372,everyth
373,step
374,enough
375,oper
376,claim
377,big
378,sign
379,caus
380,letter
381,univers
382,larg
383,key
384,other
385,care
386,three
387,hard
388,thinkgeek
389,connect
390,record
391,discuss
392,text
393,accept
394,etc
395,bill
396,thu
397,term
398,play
399,pgp
400,via
401,offic
402,specif
403,america
404,talk
405,immedi
406,mayb
407,deal
408,direct
409,download
410,option
411,major
412,seen
413,forc
414,true
415,hope
416,subscrib
417,thought
418,kind
419,center
420,individu
421,method
422,decid
423,rule
424,log
425,lose
426,plu
427,matter
428,natur
429,comment
430,risk
431,either
432,yahoo
433,assist
434,quot
435,present
436,rather
437,mime
438,away
439,content
440,wait
441,rememb
442,r
443,bank
444,hand
445,fund
446,local
447,kernel
448,project
449,secret
450,loan
451,hundr
452,level
453,train
454,corpor
455,activ
456,matthia
457,consid
458,research
459,area
460,razor
461,forward
462,august
463,bodi
464,book
465,root
466,stori
467,addit
468,machin
469,standard
470,benefit
471,target
472,war
473,entir
474,suggest
475,bad
476,quit
477,document
478,posit
479,presid
480,appear
481,copyright
482,global
483,bug
484,author
485,often
486,expect
487,distribut
488,juli
489,polit
490,human
491,mind
492,septemb
493,grow
494,ago
495,jul
496,size
497,qualiti
498,hit
499,trust
500,none
501,easili
502,absolut
503,partner
504,island
505,pm
506,love
507,whether
508,b
509,agent
510,join
511,given
512,involv
513,collect
514,solut
515,amount
516,happi
517,fast
518,associ
519,domain
520,charg
521,singl
522,man
523,whole
524,promot
525,dvd
526,fork
527,far
528,sort
529,later
530,earn
531,feder
532,parti
533,hi
534,mortgag
535,upon
536,submit
537,normal
538,enter
539,potenti
540,meet
541,wrong
542,refer
543,wed
544,nice
545,function
546,red
547,tm
548,load
549,almost
550,wonder
551,publish
552,john
553,social
554,transact
555,econom
556,discov
557,everyon
558,reach
559,close
560,pass
561,view
562,fail
563,execut
564,sound
565,depend
566,women
567,perform
568,profit
569,privat
570,broadcast
571,attack
572,x
573,newslett
574,paid
575,relat
576,automat
577,statement
578,contract
579,effort
580,delet
581,mark
582,begin
583,foreign
584,compil
585,sequenc
586,media
587,regist
588,miss
589,spamassassin
590,bush
591,final
592,figur
593,cell
594,header
595,stock
596,handl
597,command
598,display
599,action
600,similar
601,game
602,tuesday
603,locat
604,templ
605,pick
606,transfer
607,digit
608,disk
609,wo
610,hat
611,event
612,produc
613,chri
614,known
615,soon
616,track
617,articl
618,print
619,tax
620,longer
621,properti
622,mention
623,pretti
624,toner
625,dear
626,store
627,script
628,default
629,men
630,debt
631,pc
632,oblig
633,hous
634,respect
635,upgrad
636,microsoft
637,sun
638,imag
639,organ
640,due
641,bulk
642,enenkio
643,weight
644,commiss
645,capit
646,payment
647,administr
648,health
649,freedom
650,daili
651,along
652,practic
653,propos
654,usa
655,offici
656,cartridg
657,n
658,worth
659,half
660,billion
661,came
662,languag
663,resourc
664,strategi
665,leav
666,late
667,assum
668,platform
669,concern
670,clear
671,net
672,remain
673,street
674,devic
675,exactli
676,html
677,ignor
678,car
679,anyway
680,lost
681,tire
682,ok
683,interact
684,went
685,head
686,hear
687,respond
688,tue
689,deliv
690,tablet
691,taken
692,la
693,independ
694,perhap
695,clean
696,bring
697,configur
698,qualifi
699,space
700,averag
701,watch
702,fals
703,fine
704,invok
705,press
706,short
707,expens
708,recommend
709,retail
710,school
711,membership
712,fall
713,enabl
714,memori
715,guess
716,huge
717,fee
718,consult
719,host
720,suit
721,extrem
722,edit
723,xml
724,left
725,usual
726,review
727,choos
728,advantag
729,common
730,warn
731,except
732,en
733,compar
734,agre
735,materi
736,region
737,port
738,abil
739,side
740,main
741,field
742,announc
743,fri
744,guy
745,le
746,although
747,drop
748,told
749,five
750,paper
751,basic
752,dream
753,hold
754,vulner
755,black
756,educ
757,item
758,growth
759,spend
760,readi
761,model
762,win
763,cheer
764,electron
765,face
766,bonu
767,replac
768,studi
769,interfac
770,confidenti
771,unseen
772,reserv
773,loss
774,altern
775,accord
776,safe
777,mon
778,intend
779,kingdom
780,avoid
781,j
782,choic
783,implement
784,multipl
785,id
786,approv
787,rest
788,oz
789,situat
790,commerci
791,histori
792,moment
793,break
794,chanc
795,p
796,extra
797,insid
798,investig
799,employ
800,togeth
801,combin
802,initi
803,purpos
804,quick
805,pictur
806,coupl
807,section
808,msg
809,advanc
810,confirm
811,util
812,across
813,court
814,monday
815,goe
816,burn
817,particular
818,unless
819,object
820,energi
821,express
822,score
823,male
824,et
825,india
826,took
827,owner
828,video
829,indic
830,sens
831,filter
832,count
833,correct
834,directli
835,speed
836,agenc
837,societi
838,anywher
839,four
840,valid
841,variou
842,die
843,procedur
844,profil
845,ventur
846,gpl
847,seek
848,cut
849,match
850,period
851,uniqu
852,sex
853,especi
854,piec
855,consum
856,behalf
857,kevin
858,whatev
859,spammer
860,certain
861,white
862,investor
863,popul
864,explain
865,class
866,knowledg
867,adam
868,setup
869,gain
870,remot
871,latest
872,oh
873,dagga
874,unison
875,tip
876,militari
877,atol
878,ftp
879,block
880,googl
881,marshal
882,gari
883,south
884,unix
885,tv
886,patch
887,lawrenc
888,establish
889,switch
890,valuabl
891,smoke
892,team
893,aaaaaaaaaaaaaaaaaaaaaaaaaaaaaaaaaaaaaaaaaaaaaaaaaaaaaaaaaaaaaaaaaaaaaaaaaaaa
894,shop
895,ragga
896,java
897,imagin
898,integr
899,robert
900,prevent
901,prepar
902,attempt
903,boot
904,third
905,privaci
906,will
907,folk
908,sorri
909,sometim
910,tag
911,hardwar
912,manual
913,necessari
914,heard
915,york
916,congress
917,screen
918,reduc
919,bottl
920,saou
921,particip
922,fastest
923,sa
924,night
925,china
926,enjoy
927,depart
928,backup
929,cover
930,stand
931,alb
932,obtain
933,driver
934,seriou
935,regul
936,path
937,certainli
938,goal
939,mass
940,suppos
941,amaz
942,competit
943,lower
944,h
945,botan
946,promis
947,fulli
948,land
949,medic
950,speak
951,poor
952,capabl
953,apolog
954,scienc
955,lowest
956,traffic
957,titl
958,extend
959,introduc
960,deathtospamdeathtospamdeathtospam
961,defin
962,describ
963,movi
964,troubl
965,definit
966,film
967,exchang
968,paul
969,neg
970,cv
971,rang
972,easier
973,sender
974,osdn
975,wireless
976,os
977,decis
978,technic
979,death
980,approach
981,murphi
982,earli
983,six
984,predict
985,beberg
986,commit
987,written
988,fortun
989,quickli
990,worri
991,kill
992,redhat
993,im
994,sold
995,michael
996,seventh
997,firm
998,apt
999,ham
1000,judgment
1001,button
1002,music
1003,mobil
1004,father
1005,north
1006,king
1007,ensur
1008,opinion
1009,economi
1010,fat
1011,faster
1012,browser
1013,attach
1014,telephon
1015,bar
1016,premium
1017,librari
1018,player
1019,achiev
1020,argument
1021,archiv
1022,travel
1023,enterpris
1024,desir
1025,separ
1026,techniqu
1027,adult
1028,demand
1029,threat
1030,cooper
1031,deserv
1032,board
1033,appar
1034,uk
1035,f
1036,anim
1037,hello
1038,modul
1039,condit
1040,estat
1041,determin
1042,outsid
1043,elimin
1044,stay
1045,terrorist
1046,enhanc
1047,attent
1048,dave
1049,wide
1050,cabl
1051,children
1052,virtual
1053,drug
1054,wall
1055,expert
1056,repres
1057,monthli
1058,pain
1059,environ
1060,modifi
1061,declar
1062,sincer
1063,gnupg
1064,held
1065,washington
1066,danger
1067,permiss
1068,signific
1069,fun
1070,relev
1071,iii
1072,david
1073,confid
1074,kid
1075,programm
1076,w
1077,cat
1078,canada
1079,l
1080,rich
1081,sum
1082,cc
1083,exclus
1084,g
1085,equip
1086,air
1087,proven
1088,forev
1089,popular
1090,justin
1091,bitbitch
1092,string
1093,bottom
1094,excel
1095,diet
1096,centuri
1097,usd
1098,expand
1099,paragraph
1100,friday
1101,skip
1102,central
1103,factor
1104,identifi
1105,relationship
1106,san
1107,challeng
1108,monitor
1109,pattern
1110,anybodi
1111,near
1112,director
1113,behind
1114,asset
1115,appreci
1116,toward
1117,excit
1118,terror
1119,exercis
1120,confer
1121,girl
1122,perfect
1123,progress
1124,roman
1125,whose
1126,background
1127,discoveri
1128,among
1129,rais
1130,citizen
1131,rh
1132,unsolicit
1133,sexual
1134,defens
1135,rel
1136,fit
1137,west
1138,sampl
1139,hettinga
1140,road
1141,difficult
1142,thread
1143,colleg
1144,lender
1145,spain
1146,intellig
1147,photo
1148,entri
1149,partit
1150,illeg
1151,acquir
1152,octob
1153,strong
1154,solv
1155,william
1156,reader
1157,earth
1158,seri
1159,serv
1160,confus
1161,chief
1162,tie
1163,instant
1164,european
1165,ms
1166,measur
1167,tree
1168,refin
1169,fair
1170,stupid
1171,largest
1172,verifi
1173,mode
1174,french
1175,extract
1176,built
1177,regular
1178,peac
1179,equival
1180,sweet
1181,lock
1182,reliabl
1183,conveni
1184,resid
1185,mac
1186,index
1187,laptop
1188,procmail
1189,oct
1190,slow
1191,deliveri
1192,suse
1193,brian
1194,tradit
1195,categori
1196,smart
1197,dead
1198,datapow
1199,africa
1200,arial
1201,inlin
1202,graphic
1203,front
1204,leader
1205,ident
1206,europ
1207,voic
1208,cach
1209,evid
1210,realiz
1211,annuiti
1212,ten
1213,statu
1214,tim
1215,useless
1216,femal
1217,emerg
1218,gnu
1219,campaign
1220,occur
1221,fire
1222,compat
1223,capillari
1224,desktop
1225,verdana
1226,gift
1227,abus
1228,young
1229,cultur
1230,therefor
1231,institut
1232,physic
1233,previous
1234,herba
1235,concept
1236,higher
1237,revenu
1238,satellit
1239,convers
1240,walk
1241,aid
1242,warranti
1243,brand
1244,launch
1245,deposit
1246,thursday
1247,underlin
1248,otherwis
1249,june
1250,concentr
1251,roll
1252,degre
1253,doubt
1254,nigeria
1255,contribut
1256,unlimit
1257,compet
1258,repositori
1259,indian
1260,echo
1261,classifi
1262,weapon
1263,carri
1264,arriv
1265,inde
1266,pacif
1267,wife
1268,yeah
1269,forget
1270,former
1271,honor
1272,recipi
1273,affili
1274,listen
1275,token
1276,fight
1277,powel
1278,critic
1279,conflict
1280,percent
1281,isp
1282,unfortun
1283,surpris
1284,storag
1285,password
1286,sat
1287,tech
1288,extens
1289,app
1290,detect
1291,jabber
1292,hot
1293,sit
1294,art
1295,basi
1296,effici
1297,assur
1298,hermio
1299,succeed
1300,sleep
1301,catch
1302,civil
1303,panel
1304,alsa
1305,substanti
1306,intro
1307,water
1308,garrigu
1309,printer
1310,kept
1311,charact
1312,jm
1313,proprietari
1314,tabl
1315,light
1316,mine
1317,scan
1318,menu
1319,enemi
1320,ip
1321,pull
1322,descript
1323,saw
1324,v
1325,disabl
1326,joe
1327,wednesday
1328,discount
1329,truth
1330,output
1331,attract
1332,advic
1333,revers
1334,pudg
1335,god
1336,worldwid
1337,seven
1338,analysi
1339,af
1340,manufactur
1341,gone
1342,vendor
1343,euro
1344,structur
1345,balanc
1346,agreement
1347,specifi
1348,room
1349,jame
1350,vote
1351,alon
1352,cool
1353,decad
1354,morn
1355,franc
1356,lack
1357,teach
1358,whitelist
1359,k
1360,editor
1361,wast
1362,boston
1363,patent
1364,gold
1365,california
1366,awar
1367,polic
1368,treat
1369,inc
1370,innov
1371,zip
1372,insert
1373,nobodi
1374,construct
1375,theori
1376,clue
1377,career
1378,journal
1379,ga
1380,temperatur
1381,u
1382,financ
1383,obvious
1384,highli
1385,tom
1386,input
1387,int
1388,flag
1389,ultim
1390,afford
1391,gcc
1392,son
1393,spec
1394,touch
1395,incred
1396,encourag
1397,constitut
1398,impress
1399,anymor
1400,ab
1401,brain
1402,correspond
1403,ebay
1404,peni
1405,cent
1406,usag
1407,attorney
1408,greater
1409,trick
1410,boy
1411,trial
1412,middl
1413,blood
1414,master
1415,jim
1416,hp
1417,wake
1418,annual
1419,blank
1420,previou
1421,mother
1422,mechan
1423,el
1424,greg
1425,stream
1426,hate
1427,democrat
1428,cbyi
1429,dan
1430,larger
1431,mike
1432,urgent
1433,suffer
1434,cheap
1435,advis
1436,pound
1437,focu
1438,perman
1439,judg
1440,varieti
1441,flow
1442,underwrit
1443,speech
1444,style
1445,mostli
1446,smtp
1447,star
1448,skeptic
1449,summari
1450,particularli
1451,php
1452,obviou
1453,instanc
1454,delay
1455,bold
1456,dynam
1457,vacat
1458,behavior
1459,percentag
1460,mistak
1461,wealth
1462,republ
1463,keyboard
1464,destruct
1465,warm
1466,toni
1467,dark
1468,comfort
1469,super
1470,binari
1471,earlier
1472,rick
1473,woman
1474,laserjet
1475,arm
1476,firewal
1477,channel
1478,aa
1479,mailer
1480,rock
1481,telecom
1482,reveal
1483,suspect
1484,termin
1485,eye
1486,affect
1487,auto
1488,knew
1489,ireland
1490,essenti
1491,steve
1492,tend
1493,consolid
1494,motiv
1495,se
1496,ban
1497,recogn
1498,prospect
1499,btw
1500,rss
1501,english
1502,principl
1503,vipul
1504,alli
1505,domest
1506,heart
1507,floppi
1508,consist
1509,skill
1510,pack
1511,prompt
1512,lawyer
1513,wing
1514,core
1515,impact
1516,estim
1517,highlight
1518,beta
1519,magazin
1520,dell
1521,gnome
1522,restor
1523,invit
1524,eventu
1525,nearli
1526,somewher
1527,eval
1528,defend
1529,opt
1530,font
1531,variabl
1532,beat
1533,task
1534,staff
1535,pipe
1536,revis
1537,planta
1538,march
1539,lifetim
1540,convert
1541,ftoc
1542,unlik
1543,vehicl
1544,fl
1545,role
1546,comprehens
1547,despit
1548,clearli
1549,modern
1550,ground
1551,dn
1552,python
1553,babi
1554,teledynam
1555,eat
1556,biggest
1557,food
1558,audio
1559,hair
1560,map
1561,histor
1562,pocket
1563,modem
1564,bf
1565,ii
1566,complianc
1567,ec
1568,fresh
1569,sensit
1570,strength
1571,suck
1572,favor
1573,picasso
1574,commentari
1575,bind
1576,british
1577,config
1578,strongli
1579,mlm
1580,netscap
1581,senior
1582,coverag
1583,dragon
1584,shown
1585,exploit
1586,minimum
1587,permit
1588,liber
1589,gave
1590,employe
1591,texa
1592,stabl
1593,conserv
1594,doctor
1595,met
1596,mile
1597,spot
1598,mailbox
1599,protocol
1600,truli
1601,instantli
1602,beyond
1603,failur
1604,peter
1605,interview
1606,dont
1607,ea
1608,tape
1609,synchron
1610,typic
1611,equal
1612,everybodi
1613,tx
1614,visa
1615,reli
1616,brought
1617,consider
1618,calcul
1619,optim
1620,signal
1621,worst
1622,crash
1623,translat
1624,showcas
1625,hidden
1626,dial
1627,hover
1628,distanc
1629,chines
1630,al
1631,q
1632,startup
1633,led
1634,proper
1635,draw
1636,revok
1637,char
1638,exact
1639,geeg
1640,crimin
1641,finish
1642,stylu
1643,annoy
1644,broker
1645,bonus
1646,favorit
1647,neighbor
1648,boss
1649,evil
1650,yesterday
1651,extern
1652,imposs
1653,prove
1654,plant
1655,spent
1656,sir
1657,sole
1658,z
1659,ran
1660,explor
1661,acknowledg
1662,repair
1663,rare
1664,retriev
1665,artist
1666,bigger
1667,foundat
1668,feet
1669,bearer
1670,bb
1671,pop
1672,portion
1673,hell
1674,beauti
1675,poverti
1676,planet
1677,rob
1678,hotel
1679,edward
1680,equiti
1681,somebodi
1682,rebuild
1683,england
1684,evalu
1685,strang
1686,safeti
1687,scientist
1688,guidelin
1689,properli
1690,hack
1691,serious
1692,expir
1693,iiu
1694,push
1695,strip
1696,sport
1697,minor
1698,jump
1699,scheme
1700,bell
1701,helvetica
1702,station
1703,autom
1704,chicago
1705,restrict
1706,summer
1707,spread
1708,sunday
1709,antiqu
1710,lie
1711,climat
1712,prescript
1713,correctli
1714,para
1715,student
1716,lo
1717,mount
1718,radio
1719,epson
1720,primari
1721,shape
1722,fundament
1723,becam
1724,recruit
1725,gentl
1726,diseas
1727,entertain
1728,headlin
1729,threaten
1730,vou
1731,currenc
1732,mainten
1733,damag
1734,happier
1735,herb
1736,laser
1737,spamd
1738,craig
1739,resum
1740,architectur
1741,recal
1742,merchant
1743,hang
1744,proxi
1745,seed
1746,protest
1747,husband
1748,empti
1749,van
1750,corpu
1751,prioriti
1752,sendmail
1753,plug
1754,settlement
1755,feroc
1756,remedi
1757,vast
1758,stick
1759,exit
1760,muscl
1761,doubl
1762,bc
1763,buyer
1764,western
1765,laugh
1766,green
1767,prior
1768,ba
1769,viagra
1770,feedback
1771,symbol
1772,creativ
1773,disappear
1774,angl
1775,faith
1776,somehow
1777,hall
1778,luck
1779,dozen
1780,ticket
1781,moor
1782,hire
1783,tel
1784,reg
1785,georg
1786,usb
1787,realiti
1788,feed
1789,ssh
1790,wors
1791,camera
1792,batteri
1793,bother
1794,supplement
1795,anonym
1796,seminar
1797,reject
1798,oil
1799,broken
1800,child
1801,hormon
1802,disclaim
1803,norton
1804,aspect
1805,kathmandu
1806,appeal
1807,allianc
1808,entrepreneur
1809,convent
1810,committe
1811,arrang
1812,perfectli
1813,acceler
1814,democraci
1815,shall
1816,doc
1817,ie
1818,argu
1819,pour
1820,fantasi
1821,shot
1822,encrypt
1823,parent
1824,substanc
1825,neither
1826,sponsorship
1827,park
1828,slightli
1829,à
1830,convinc
1831,legitim
1832,statist
1833,mozilla
1834,blue
1835,phrase
1836,authent
1837,observ
1838,shock
1839,random
1840,serial
1841,electr
1842,door
1843,funni
1844,appropri
1845,hey
1846,strictli
1847,queri
1848,resolv
1849,empir
1850,alert
1851,merg
1852,frame
1853,edg
1854,auction
1855,east
1856,award
1857,nort
1858,barcelona
1859,edificio
1860,refund
1861,ac
1862,fear
1863,kelli
1864,daniel
1865,lesson
1866,highest
1867,solari
1868,capac
1869,aphrodisia
1870,repeat
1871,eugen
1872,bear
1873,hunt
1874,damn
1875,smaller
1876,tomorrow
1877,pressur
1878,survey
1879,carrier
1880,surviv
1881,stabil
1882,volum
1883,twice
1884,mason
1885,arrest
1886,fairli
1887,amend
1888,union
1889,declin
1890,te
1891,alter
1892,mr
1893,pablo
1894,januari
1895,owen
1896,meant
1897,nt
1898,banner
1899,aggress
1900,odd
1901,herbal
1902,trip
1903,virus
1904,farquhar
1905,strike
1906,bought
1907,inbox
1908,gmt
1909,promiscu
1910,zero
1911,violat
1912,winner
1913,easiest
1914,complain
1915,compon
1916,licenc
1917,cold
1918,harm
1919,race
1920,cancel
1921,ah
1922,bound
1923,weekend
1924,duplic
1925,appl
1926,exclud
1927,welch
1928,postal
1929,mirror
1930,blog
1931,genet
1932,pill
1933,debian
1934,nativ
1935,audienc
1936,bandwidth
1937,algorithm
1938,scam
1939,presum
1940,bunch
1941,ratio
1942,reduct
1943,md
1944,prosaka
1945,mous
1946,farm
1947,spray
1948,vari
1949,formula
1950,honest
1951,deni
1952,mh
1953,round
1954,approxim
1955,iraq
1956,split
1957,â
1958,sea
1959,brief
1960,gibbon
1961,club
1962,partnership
1963,reboot
1964,elsewher
1965,vjestika
1966,precis
1967,austin
1968,viru
1969,analyst
1970,renew
1971,bankruptci
1972,gay
1973,tab
1974,compens
1975,martin
1976,possess
1977,processor
1978,margin
1979,testimoni
1980,dramat
1981,reward
1982,msgid
1983,grand
1984,label
1985,plugin
1986,roger
1987,buffer
1988,massiv
1989,gordon
1990,weekli
1991,deploy
1992,lift
1993,saturday
1994,envelop
1995,porn
1996,registr
1997,religion
1998,retir
1999,anytim
2000,millionair
2001,engag
2002,cancer
2003,writer
2004,collabor
2005,rohit
2006,infrastructur
2007,environment
2008,nvidia
2009,adopt
2010,apart
2011,complex
2012,flash
2013,dig
2014,sm
2015,fuck
2016,that
2017,agreeabl
2018,aol
2019,prohibit
2020,ibm
2021,hmm
2022,northern
2023,harley
2024,inconveni
2025,schedul
2026,yellow
2027,length
2028,satisfi
2029,ps
2030,solicit
2031,plenti
2032,ministri
2033,cycl
2034,thoma
2035,african
2036,justic
2037,shell
2038,ae
2039,conduct
2040,assembl
2041,distro
2042,null
2043,onto
2044,own
2045,img
2046,experienc
2047,encount
2048,self
2049,swap
2050,candid
2051,mere
2052,rose
2053,enforc
2054,ffffff
2055,henc
2056,duncan
2057,clock
2058,farmer
2059,excess
2060,acquisit
2061,began
2062,rout
2063,minim
2064,domin
2065,london
2066,wholesal
2067,attend
2068,homeown
2069,grab
2070,kate
2071,guido
2072,elect
2073,demonstr
2074,deep
2075,russian
2076,prosper
2077,pointer
2078,transform
2079,invent
2080,throw
2081,liter
2082,da
2083,scale
2084,newspap
2085,straight
2086,famou
2087,evolv
2088,conclud
2089,televis
2090,toll
2091,solid
2092,buck
2093,wave
2094,colleagu
2095,murder
2096,context
2097,rank
2098,unabl
2099,oppos
2100,receipt
2101,niall
2102,var
2103,hors
2104,christian
2105,glad
2106,chat
2107,lawsuit
2108,boost
2109,mix
2110,resel
2111,proof
2112,religi
2113,blame
2114,attain
2115,routin
2116,corrupt
2117,entiti
2118,crime
2119,co
2120,assert
2121,loop
2122,skin
2123,preserv
2124,valhalla
2125,remark
2126,abacha
2127,inkjet
2128,vircio
2129,webmast
2130,inspir
2131,russia
2132,moral
2133,habea
2134,brent
2135,asia
2136,accur
2137,marshalles
2138,replica
2139,mathemat
2140,forest
2141,numer
2142,tune
2143,tast
2144,passphras
2145,scientif
2146,newsgroup
2147,paypal
2148,icq
2149,glm
2150,joseph
2151,rise
2152,sheet
2153,chart
2154,column
2155,po
2156,visitor
2157,throughout
2158,hint
2159,frequent
2160,mountain
2161,bu
2162,jar
2163,bless
2164,victim
2165,regardless
2166,ben
2167,na
2168,song
2169,embed
2170,heavi
2171,formal
2172,yield
2173,hash
2174,brother
2175,destroy
2176,town
2177,decemb
2178,ed
2179,labor
2180,aim
2181,branch
2182,chip
2183,amateur
2184,bay
2185,remind
2186,consequ
2187,classic
2188,freebsd
2189,limbo
2190,mess
2191,trace
2192,dog
2193,logic
2194,pure
2195,incompat
2196,drink
2197,crap
2198,est
2199,negoti
2200,prize
2201,il
2202,focus
2203,spirit
2204,exceed
2205,export
2206,joke
2207,ladi
2208,worker
2209,que
2210,medium
2211,exhibit
2212,felt
2213,assign
2214,violenc
2215,syntax
2216,smoker
2217,adapt
2218,satisfact
2219,imho
2220,spamtrap
2221,coast
2222,gambl
2223,pars
2224,topic
2225,privileg
2226,battl
2227,specialist
2228,fan
2229,pursu
2230,tremend
2231,opposit
2232,lib
2233,byte
2234,circumst
2235,vice
2236,incorpor
2237,pa
2238,complic
2239,batch
2240,appoint
2241,stamp
2242,cheaper
2243,trivial
2244,kit
2245,intel
2246,struggl
2247,jodi
2248,ui
2249,airlin
2250,caught
2251,boundari
2252,chairman
2253,pro
2254,bet
2255,liberti
2256,florida
2257,gather
2258,strengthen
2259,alan
2260,lover
2261,compel
2262,riaa
2263,compress
2264,border
2265,unknown
2266,affair
2267,sur
2268,admit
2269,keyword
2270,goto
2271,entitl
2272,older
2273,okay
2274,loos
2275,unwant
2276,moder
2277,truck
2278,sophist
2279,muslim
2280,mastercard
2281,ideal
2282,surfac
2283,hole
2284,penni
2285,trend
2286,australia
2287,belief
2288,stage
2289,album
2290,ved
2291,airport
2292,transmiss
2293,owe
2294,ahead
2295,wear
2296,disclosur
2297,britain
2298,ownership
2299,dublin
2300,sector
2301,pioneer
2302,adjust
2303,pickl
2304,tin
2305,ice
2306,stress
2307,dice
2308,dump
2309,scott
2310,reform
2311,weather
2312,msn
2313,wa
2314,jack
2315,majesti
2316,overal
2317,outlook
2318,weak
2319,maker
2320,mplayer
2321,lay
2322,stephen
2323,suffici
2324,relay
2325,maximum
2326,raw
2327,encod
2328,refus
2329,assumpt
2330,palestinian
2331,transpar
2332,portabl
2333,chain
2334,influenc
2335,captur
2336,curv
2337,magic
2338,ne
2339,hawaii
2340,finger
2341,debug
2342,propag
2343,marri
2344,sentenc
2345,wealthi
2346,schuman
2347,hide
2348,crack
2349,depress
2350,ce
2351,trademark
2352,spring
2353,session
2354,dinosaur
2355,retain
2356,admin
2357,holiday
2358,ou
2359,timeout
2360,egg
2361,vision
2362,explan
2363,mandat
2364,proceed
2365,catalog
2366,bone
2367,patrick
2368,frustrat
2369,lilo
2370,shout
2371,submiss
2372,endeavor
2373,astronom
2374,whatsoev
2375,silli
2376,besid
2377,outstand
2378,settl
2379,movement
2380,fli
2381,mysql
2382,tower
2383,ethic
2384,circl
2385,hacker
2386,api
2387,speaker
2388,hospit
2389,unusu
2390,buri
2391,spambay
2392,gpg
2393,belong
2394,francisco
2395,heck
2396,virginia
2397,intellectu
2398,casino
2399,rapidli
2400,randomli
2401,weird
2402,ar
2403,ram
2404,corner
2405,rah
2406,inexpens
2407,scratch
2408,latter
2409,formul
2410,minist
2411,necessarili
2412,bomb
2413,eb
2414,openssl
2415,joint
2416,organis
2417,prob
2418,scholarship
2419,xxx
2420,ir
2421,tivo
2422,thirti
2423,fuel
2424,greatest
2425,celebr
2426,pentium
2427,expos
2428,abandon
2429,intent
2430,snore
2431,ez
2432,jeremi
2433,ton
2434,du
2435,iroijlaplap
2436,germani
2437,preced
2438,twenti
2439,igtt
2440,lean
2441,plane
2442,constant
2443,recognit
2444,framework
2445,une
2446,maxim
2447,element
2448,jurisdict
2449,openssh
2450,forum
2451,richard
2452,armi
2453,dr
2454,harvest
2455,tweak
2456,wild
2457,theme
2458,es
2459,season
2460,draft
2461,conclus
2462,japan
2463,recov
2464,german
2465,greet
2466,relax
2467,marriag
2468,arg
2469,fp
2470,ximian
2471,raid
2472,asian
2473,dedic
2474,subsequ
2475,murjel
2476,rm
2477,zone
2478,render
2479,bsd
2480,elig
2481,ratak
2482,tobacco
2483,hook
2484,pci
2485,navig
2486,bob
2487,scenario
2488,bond
2489,notifi
2490,freez
2491,fashion
2492,telecommun
2493,capitalist
2494,distributor
2495,anthoni
2496,advisor
2497,contest
2498,con
2499,flight
